﻿<?xml version="1.0" encoding="UTF-8"?>
<modification>
  <name>PayPal Plus para OpenCart 2.0.x até 2.2.x</name>
  <code>paypal-plus</code>
  <version>1.0.0</version>
  <author>PayPal Brasil</author>
  <link>https://www.paypal.com/br/</link>
  <file path="admin/controller/common/menu.php">
    <operation>
      <search><![CDATA[return]]></search>
      <add position="before"><![CDATA[
        $this->load->language('paypal_plus/menu');

        $data['text_paypal_plus'] = $this->language->get('text_paypal_plus');
        $data['text_paypal_plus_transaction'] = $this->language->get('text_paypal_plus_transaction');
        $data['text_paypal_plus_log'] = $this->language->get('text_paypal_plus_log');
        $data['paypal_plus_transaction'] = $this->url->link('paypal_plus/transaction', 'token=' . $this->session->data['token'], true);
        $data['paypal_plus_log'] = $this->url->link('paypal_plus/log', 'token=' . $this->session->data['token'], true);
      ]]></add>
    </operation>
  </file>
  <file path="admin/view/template/common/menu.tpl">
    <operation>
      <search><![CDATA[<li><a class="parent"><?php echo $text_paypal ?></a>]]></search>
      <add position="before"><![CDATA[
      <li><a class="parent"><?php echo $text_paypal_plus; ?></a>
        <ul>
          <li><a href="<?php echo $paypal_plus_transaction; ?>"><?php echo $text_paypal_plus_transaction; ?></a></li>
          <li><a href="<?php echo $paypal_plus_log; ?>"><?php echo $text_paypal_plus_log; ?></a></li>
        </ul>
      </li>
      ]]></add>
    </operation>
  </file>
  <file path="catalog/controller/checkout/checkout.php" error="skip">
    <operation>
      <search><![CDATA[public function index() {]]></search>
      <add position="after"><![CDATA[
        $this->document->addScript('https://www.paypalobjects.com/webstatic/ppplusdcc/ppplusdcc.min.js');
      ]]></add>
    </operation>
  </file>
  <file path="catalog/controller/onecheckout/checkout.php" error="skip">
    <operation>
      <search><![CDATA[public function index() {]]></search>
      <add position="after"><![CDATA[
        $this->document->addScript('https://www.paypalobjects.com/webstatic/ppplusdcc/ppplusdcc.min.js');
      ]]></add>
    </operation>
  </file>
  <file path="catalog/controller/quickcheckout/checkout.php" error="skip">
    <operation>
      <search><![CDATA[public function index() {]]></search>
      <add position="after"><![CDATA[
        $this->document->addScript('https://www.paypalobjects.com/webstatic/ppplusdcc/ppplusdcc.min.js');
      ]]></add>
    </operation>
  </file>
  <file path="catalog/controller/checkout/compraexpress.php" error="skip">
    <operation>
      <search><![CDATA[public function index() {]]></search>
      <add position="after"><![CDATA[
        $this->document->addScript('https://www.paypalobjects.com/webstatic/ppplusdcc/ppplusdcc.min.js');
      ]]></add>
    </operation>
  </file>
  <file path="catalog/controller/module/onecheckout.php" error="skip">
    <operation>
      <search><![CDATA[public function index() {]]></search>
      <add position="after"><![CDATA[
        $this->document->addScript('https://www.paypalobjects.com/webstatic/ppplusdcc/ppplusdcc.min.js');
      ]]></add>
    </operation>
  </file>
  <file path="catalog/controller/module/d_quickcheckout.php" error="skip">
    <operation>
      <search><![CDATA[public function index() {]]></search>
      <add position="after"><![CDATA[
        $this->document->addScript('https://www.paypalobjects.com/webstatic/ppplusdcc/ppplusdcc.min.js');
      ]]></add>
    </operation>
  </file>
</modification>